Year,ONS_Code,Org_Code,Org_Name,Classification,Metric_Primary,Metric_Secondary,Value,,,,,,,,
2015/16,E92000001,ENG,England,FAE_Primary_Obesity,Gender,All persons,9929,,,,,,,,
2015/16,E92000001,ENG,England,FAE_Primary_Obesity,Gender,Male,2573,,,,,,,,
2015/16,E92000001,ENG,England,FAE_Primary_Obesity,Gender,Female,7356,,,,,,,,
2014/15,E92000001,ENG,England,FAE_Primary_Obesity,Gender,All persons,9130,,,,,,,,
2014/15,E92000001,ENG,England,FAE_Primary_Obesity,Gender,Male,2496,,,,,,,,
2014/15,E92000001,ENG,England,FAE_Primary_Obesity,Gender,Female,6633,,,,,,,,
2013/14,E92000001,ENG,England,FAE_Primary_Obesity,Gender,All persons,9325,,,,,,,,
2013/14,E92000001,ENG,England,FAE_Primary_Obesity,Gender,Male,2578,,,,,,,,
2013/14,E92000001,ENG,England,FAE_Primary_Obesity,Gender,Female,6746,,,,,,,,
2012/13,E92000001,ENG,England,FAE_Primary_Obesity,Gender,All persons,10957,,,,,,,,
2012/13,E92000001,ENG,England,FAE_Primary_Obesity,Gender,Male,2950,,,,,,,,
2012/13,E92000001,ENG,England,FAE_Primary_Obesity,Gender,Female,8007,,,,,,,,
2011/12,E92000001,ENG,England,FAE_Primary_Obesity,Gender,All persons,11736,,,,,,,,
2011/12,E92000001,ENG,England,FAE_Primary_Obesity,Gender,Male,2993,,,,,,,,
2011/12,E92000001,ENG,England,FAE_Primary_Obesity,Gender,Female,8740,,,,,,,,
2010/11,E92000001,ENG,England,FAE_Primary_Obesity,Gender,All persons,11574,,,,,,,,
2010/11,E92000001,ENG,England,FAE_Primary_Obesity,Gender,Male,2919,,,,,,,,
2010/11,E92000001,ENG,England,FAE_Primary_Obesity,Gender,Female,8654,,,,,,,,
2009/10,E92000001,ENG,England,FAE_Primary_Obesity,Gender,All persons,10571,,,,,,,,
2009/10,E92000001,ENG,England,FAE_Primary_Obesity,Gender,Male,2495,,,,,,,,
2009/10,E92000001,ENG,England,FAE_Primary_Obesity,Gender,Female,8074,,,,,,,,
2008/09,E92000001,ENG,England,FAE_Primary_Obesity,Gender,All persons,7988,,,,,,,,
2008/09,E92000001,ENG,England,FAE_Primary_Obesity,Gender,Male,2077,,,,,,,,
2008/09,E92000001,ENG,England,FAE_Primary_Obesity,Gender,Female,5910,,,,,,,,
2007/08,E92000001,ENG,England,FAE_Primary_Obesity,Gender,All persons,5018,,,,,,,,
2007/08,E92000001,ENG,England,FAE_Primary_Obesity,Gender,Male,1405,,,,,,,,
2007/08,E92000001,ENG,England,FAE_Primary_Obesity,Gender,Female,3613,,,,,,,,
2006/07,E92000001,ENG,England,FAE_Primary_Obesity,Gender,All persons,3862,,,,,,,,
2006/07,E92000001,ENG,England,FAE_Primary_Obesity,Gender,Male,1047,,,,,,,,
2006/07,E92000001,ENG,England,FAE_Primary_Obesity,Gender,Female,2807,,,,,,,,
2005/06,E92000001,ENG,England,FAE_Primary_Obesity,Gender,All persons,2564,,,,,,,,
2005/06,E92000001,ENG,England,FAE_Primary_Obesity,Gender,Male,746,,,,,,,,
2005/06,E92000001,ENG,England,FAE_Primary_Obesity,Gender,Female,1786,,,,,,,,
2004/05,E92000001,ENG,England,FAE_Primary_Obesity,Gender,All persons,2035,,,,,,,,
2004/05,E92000001,ENG,England,FAE_Primary_Obesity,Gender,Male,589,,,,,,,,
2004/05,E92000001,ENG,England,FAE_Primary_Obesity,Gender,Female,1442,,,,,,,,
2003/04,E92000001,ENG,England,FAE_Primary_Obesity,Gender,All persons,1711,,,,,,,,
2003/04,E92000001,ENG,England,FAE_Primary_Obesity,Gender,Male,498,,,,,,,,
2003/04,E92000001,ENG,England,FAE_Primary_Obesity,Gender,Female,1213,,,,,,,,
2002/03,E92000001,ENG,England,FAE_Primary_Obesity,Gender,All persons,1275,,,,,,,,
2002/03,E92000001,ENG,England,FAE_Primary_Obesity,Gender,Male,427,,,,,,,,
2002/03,E92000001,ENG,England,FAE_Primary_Obesity,Gender,Female,848,,,,,,,,
2015/16,E92000001,ENG,England,FAE_Primary_Obesity,AgeGroup,16-24,372,,,,,,,,
2015/16,E92000001,ENG,England,FAE_Primary_Obesity,AgeGroup,25-34,1265,,,,,,,,
2015/16,E92000001,ENG,England,FAE_Primary_Obesity,AgeGroup,35-44,2148,,,,,,,,
2015/16,E92000001,ENG,England,FAE_Primary_Obesity,AgeGroup,45-54,2948,,,,,,,,
2015/16,E92000001,ENG,England,FAE_Primary_Obesity,AgeGroup,55-64,1790,,,,,,,,
2015/16,E92000001,ENG,England,FAE_Primary_Obesity,AgeGroup,65-74,638,,,,,,,,
2015/16,E92000001,ENG,England,FAE_Primary_Obesity,AgeGroup,75+,171,,,,,,,,
2015/16,E92000001,ENG,England,FAE_Primary_Obesity,AgeGroup,Under 16,597,,,,,,,,
2014/15,E92000001,ENG,England,FAE_Primary_Obesity,AgeGroup,16-24,353,,,,,,,,
2014/15,E92000001,ENG,England,FAE_Primary_Obesity,AgeGroup,25-34,1201,,,,,,,,
2014/15,E92000001,ENG,England,FAE_Primary_Obesity,AgeGroup,35-44,1960,,,,,,,,
2014/15,E92000001,ENG,England,FAE_Primary_Obesity,AgeGroup,45-54,2759,,,,,,,,
2014/15,E92000001,ENG,England,FAE_Primary_Obesity,AgeGroup,55-64,1596,,,,,,,,
2014/15,E92000001,ENG,England,FAE_Primary_Obesity,AgeGroup,65-74,548,,,,,,,,
2014/15,E92000001,ENG,England,FAE_Primary_Obesity,AgeGroup,75+,163,,,,,,,,
2014/15,E92000001,ENG,England,FAE_Primary_Obesity,AgeGroup,Under 16,550,,,,,,,,
2013/14,E92000001,ENG,England,FAE_Primary_Obesity,AgeGroup,16-24,352,,,,,,,,
2013/14,E92000001,ENG,England,FAE_Primary_Obesity,AgeGroup,25-34,1209,,,,,,,,
2013/14,E92000001,ENG,England,FAE_Primary_Obesity,AgeGroup,35-44,2133,,,,,,,,
2013/14,E92000001,ENG,England,FAE_Primary_Obesity,AgeGroup,45-54,2839,,,,,,,,
2013/14,E92000001,ENG,England,FAE_Primary_Obesity,AgeGroup,55-64,1663,,,,,,,,
2013/14,E92000001,ENG,England,FAE_Primary_Obesity,AgeGroup,65-74,458,,,,,,,,
2013/14,E92000001,ENG,England,FAE_Primary_Obesity,AgeGroup,75+,123,,,,,,,,
2013/14,E92000001,ENG,England,FAE_Primary_Obesity,AgeGroup,Under 16,548,,,,,,,,
2012/13,E92000001,ENG,England,FAE_Primary_Obesity,AgeGroup,16-24,356,,,,,,,,
2012/13,E92000001,ENG,England,FAE_Primary_Obesity,AgeGroup,25-34,1437,,,,,,,,
2012/13,E92000001,ENG,England,FAE_Primary_Obesity,AgeGroup,35-44,2744,,,,,,,,
2012/13,E92000001,ENG,England,FAE_Primary_Obesity,AgeGroup,45-54,3305,,,,,,,,
2012/13,E92000001,ENG,England,FAE_Primary_Obesity,AgeGroup,55-64,1965,,,,,,,,
2012/13,E92000001,ENG,England,FAE_Primary_Obesity,AgeGroup,65-74,495,,,,,,,,
2012/13,E92000001,ENG,England,FAE_Primary_Obesity,AgeGroup,75+,99,,,,,,,,
2012/13,E92000001,ENG,England,FAE_Primary_Obesity,AgeGroup,Under 16,556,,,,,,,,
2011/12,E92000001,ENG,England,FAE_Primary_Obesity,AgeGroup,16-24,391,,,,,,,,
2011/12,E92000001,ENG,England,FAE_Primary_Obesity,AgeGroup,25-34,1484,,,,,,,,
2011/12,E92000001,ENG,England,FAE_Primary_Obesity,AgeGroup,35-44,3104,,,,,,,,
2011/12,E92000001,ENG,England,FAE_Primary_Obesity,AgeGroup,45-54,3581,,,,,,,,
2011/12,E92000001,ENG,England,FAE_Primary_Obesity,AgeGroup,55-64,2119,,,,,,,,
2011/12,E92000001,ENG,England,FAE_Primary_Obesity,AgeGroup,65-74,468,,,,,,,,
2011/12,E92000001,ENG,England,FAE_Primary_Obesity,AgeGroup,75+,94,,,,,,,,
2011/12,E92000001,ENG,England,FAE_Primary_Obesity,AgeGroup,Under 16,495,,,,,,,,
2010/11,E92000001,ENG,England,FAE_Primary_Obesity,AgeGroup,16-24,375,,,,,,,,
2010/11,E92000001,ENG,England,FAE_Primary_Obesity,AgeGroup,25-34,1425,,,,,,,,
2010/11,E92000001,ENG,England,FAE_Primary_Obesity,AgeGroup,35-44,3277,,,,,,,,
2010/11,E92000001,ENG,England,FAE_Primary_Obesity,AgeGroup,45-54,3573,,,,,,,,
2010/11,E92000001,ENG,England,FAE_Primary_Obesity,AgeGroup,55-64,1820,,,,,,,,
2010/11,E92000001,ENG,England,FAE_Primary_Obesity,AgeGroup,65-74,456,,,,,,,,
2010/11,E92000001,ENG,England,FAE_Primary_Obesity,AgeGroup,75+,115,,,,,,,,
2010/11,E92000001,ENG,England,FAE_Primary_Obesity,AgeGroup,Under 16,525,,,,,,,,
2009/10,E92000001,ENG,England,FAE_Primary_Obesity,AgeGroup,16-24,361,,,,,,,,
2009/10,E92000001,ENG,England,FAE_Primary_Obesity,AgeGroup,25-34,1348,,,,,,,,
2009/10,E92000001,ENG,England,FAE_Primary_Obesity,AgeGroup,35-44,3132,,,,,,,,
2009/10,E92000001,ENG,England,FAE_Primary_Obesity,AgeGroup,45-54,3076,,,,,,,,
2009/10,E92000001,ENG,England,FAE_Primary_Obesity,AgeGroup,55-64,1555,,,,,,,,
2009/10,E92000001,ENG,England,FAE_Primary_Obesity,AgeGroup,65-74,378,,,,,,,,
2009/10,E92000001,ENG,England,FAE_Primary_Obesity,AgeGroup,75+,87,,,,,,,,
2009/10,E92000001,ENG,England,FAE_Primary_Obesity,AgeGroup,Under 16,632,,,,,,,,
2008/09,E92000001,ENG,England,FAE_Primary_Obesity,AgeGroup,16-24,322,,,,,,,,
2008/09,E92000001,ENG,England,FAE_Primary_Obesity,AgeGroup,25-34,1013,,,,,,,,
2008/09,E92000001,ENG,England,FAE_Primary_Obesity,AgeGroup,35-44,2359,,,,,,,,
2008/09,E92000001,ENG,England,FAE_Primary_Obesity,AgeGroup,45-54,2133,,,,,,,,
2008/09,E92000001,ENG,England,FAE_Primary_Obesity,AgeGroup,55-64,1099,,,,,,,,
2008/09,E92000001,ENG,England,FAE_Primary_Obesity,AgeGroup,65-74,221,,,,,,,,
2008/09,E92000001,ENG,England,FAE_Primary_Obesity,AgeGroup,75+,63,,,,,,,,
2008/09,E92000001,ENG,England,FAE_Primary_Obesity,AgeGroup,Under 16,775,,,,,,,,
2007/08,E92000001,ENG,England,FAE_Primary_Obesity,AgeGroup,16-24,228,,,,,,,,
2007/08,E92000001,ENG,England,FAE_Primary_Obesity,AgeGroup,25-34,564,,,,,,,,
2007/08,E92000001,ENG,England,FAE_Primary_Obesity,AgeGroup,35-44,1469,,,,,,,,
2007/08,E92000001,ENG,England,FAE_Primary_Obesity,AgeGroup,45-54,1198,,,,,,,,
2007/08,E92000001,ENG,England,FAE_Primary_Obesity,AgeGroup,55-64,598,,,,,,,,
2007/08,E92000001,ENG,England,FAE_Primary_Obesity,AgeGroup,65-74,157,,,,,,,,
2007/08,E92000001,ENG,England,FAE_Primary_Obesity,AgeGroup,75+,53,,,,,,,,
2007/08,E92000001,ENG,England,FAE_Primary_Obesity,AgeGroup,Under 16,747,,,,,,,,
2006/07,E92000001,ENG,England,FAE_Primary_Obesity,AgeGroup,16-24,184,,,,,,,,
2006/07,E92000001,ENG,England,FAE_Primary_Obesity,AgeGroup,25-34,461,,,,,,,,
2006/07,E92000001,ENG,England,FAE_Primary_Obesity,AgeGroup,35-44,1069,,,,,,,,
2006/07,E92000001,ENG,England,FAE_Primary_Obesity,AgeGroup,45-54,872,,,,,,,,
2006/07,E92000001,ENG,England,FAE_Primary_Obesity,AgeGroup,55-64,459,,,,,,,,
2006/07,E92000001,ENG,England,FAE_Primary_Obesity,AgeGroup,65-74,118,,,,,,,,
2006/07,E92000001,ENG,England,FAE_Primary_Obesity,AgeGroup,75+,43,,,,,,,,
2006/07,E92000001,ENG,England,FAE_Primary_Obesity,AgeGroup,Under 16,656,,,,,,,,
2005/06,E92000001,ENG,England,FAE_Primary_Obesity,AgeGroup,16-24,96,,,,,,,,
2005/06,E92000001,ENG,England,FAE_Primary_Obesity,AgeGroup,25-34,341,,,,,,,,
2005/06,E92000001,ENG,England,FAE_Primary_Obesity,AgeGroup,35-44,637,,,,,,,,
2005/06,E92000001,ENG,England,FAE_Primary_Obesity,AgeGroup,45-54,554,,,,,,,,
2005/06,E92000001,ENG,England,FAE_Primary_Obesity,AgeGroup,55-64,258,,,,,,,,
2005/06,E92000001,ENG,England,FAE_Primary_Obesity,AgeGroup,65-74,72,,,,,,,,
2005/06,E92000001,ENG,England,FAE_Primary_Obesity,AgeGroup,75+,20,,,,,,,,
2005/06,E92000001,ENG,England,FAE_Primary_Obesity,AgeGroup,Under 16,583,,,,,,,,
2004/05,E92000001,ENG,England,FAE_Primary_Obesity,AgeGroup,16-24,107,,,,,,,,
2004/05,E92000001,ENG,England,FAE_Primary_Obesity,AgeGroup,25-34,287,,,,,,,,
2004/05,E92000001,ENG,England,FAE_Primary_Obesity,AgeGroup,35-44,487,,,,,,,,
2004/05,E92000001,ENG,England,FAE_Primary_Obesity,AgeGroup,45-54,364,,,,,,,,
2004/05,E92000001,ENG,England,FAE_Primary_Obesity,AgeGroup,55-64,174,,,,,,,,
2004/05,E92000001,ENG,England,FAE_Primary_Obesity,AgeGroup,65-74,36,,,,,,,,
2004/05,E92000001,ENG,England,FAE_Primary_Obesity,AgeGroup,75+,32,,,,,,,,
2004/05,E92000001,ENG,England,FAE_Primary_Obesity,AgeGroup,Under 16,547,,,,,,,,
2003/04,E92000001,ENG,England,FAE_Primary_Obesity,AgeGroup,16-24,67,,,,,,,,
2003/04,E92000001,ENG,England,FAE_Primary_Obesity,AgeGroup,25-34,174,,,,,,,,
2003/04,E92000001,ENG,England,FAE_Primary_Obesity,AgeGroup,35-44,391,,,,,,,,
2003/04,E92000001,ENG,England,FAE_Primary_Obesity,AgeGroup,45-54,273,,,,,,,,
2003/04,E92000001,ENG,England,FAE_Primary_Obesity,AgeGroup,55-64,151,,,,,,,,
2003/04,E92000001,ENG,England,FAE_Primary_Obesity,AgeGroup,65-74,52,,,,,,,,
2003/04,E92000001,ENG,England,FAE_Primary_Obesity,AgeGroup,75+,24,,,,,,,,
2003/04,E92000001,ENG,England,FAE_Primary_Obesity,AgeGroup,Under 16,579,,,,,,,,
2002/03,E92000001,ENG,England,FAE_Primary_Obesity,AgeGroup,16-24,65,,,,,,,,
2002/03,E92000001,ENG,England,FAE_Primary_Obesity,AgeGroup,25-34,136,,,,,,,,
2002/03,E92000001,ENG,England,FAE_Primary_Obesity,AgeGroup,35-44,289,,,,,,,,
2002/03,E92000001,ENG,England,FAE_Primary_Obesity,AgeGroup,45-54,216,,,,,,,,
2002/03,E92000001,ENG,England,FAE_Primary_Obesity,AgeGroup,55-64,94,,,,,,,,
2002/03,E92000001,ENG,England,FAE_Primary_Obesity,AgeGroup,65-74,52,,,,,,,,
2002/03,E92000001,ENG,England,FAE_Primary_Obesity,AgeGroup,75+,23,,,,,,,,
2002/03,E92000001,ENG,England,FAE_Primary_Obesity,AgeGroup,Under 16,400,,,,,,,,
2015/16,E92000001,ENG,England,FAE_PrimarySecondary_Obesity,Gender,All persons,524725,,,,,,,,
2015/16,E92000001,ENG,England,FAE_PrimarySecondary_Obesity,Gender,Male,175401,,,,,,,,
2015/16,E92000001,ENG,England,FAE_PrimarySecondary_Obesity,Gender,Female,349279,,,,,,,,
2014/15,E92000001,ENG,England,FAE_PrimarySecondary_Obesity,Gender,All persons,440288,,,,,,,,
2014/15,E92000001,ENG,England,FAE_PrimarySecondary_Obesity,Gender,Male,149490,,,,,,,,
2014/15,E92000001,ENG,England,FAE_PrimarySecondary_Obesity,Gender,Female,290747,,,,,,,,
2013/14,E92000001,ENG,England,FAE_PrimarySecondary_Obesity,Gender,All persons,365577,,,,,,,,
2013/14,E92000001,ENG,England,FAE_PrimarySecondary_Obesity,Gender,Male,123423,,,,,,,,
2013/14,E92000001,ENG,England,FAE_PrimarySecondary_Obesity,Gender,Female,242118,,,,,,,,
2012/13,E92000001,ENG,England,FAE_PrimarySecondary_Obesity,Gender,All persons,292404,,,,,,,,
2012/13,E92000001,ENG,England,FAE_PrimarySecondary_Obesity,Gender,Male,99579,,,,,,,,
2012/13,E92000001,ENG,England,FAE_PrimarySecondary_Obesity,Gender,Female,192795,,,,,,,,
2011/12,E92000001,ENG,England,FAE_PrimarySecondary_Obesity,Gender,All persons,266666,,,,,,,,
2011/12,E92000001,ENG,England,FAE_PrimarySecondary_Obesity,Gender,Male,92828,,,,,,,,
2011/12,E92000001,ENG,England,FAE_PrimarySecondary_Obesity,Gender,Female,173803,,,,,,,,
2010/11,E92000001,ENG,England,FAE_PrimarySecondary_Obesity,Gender,All persons,211783,,,,,,,,
2010/11,E92000001,ENG,England,FAE_PrimarySecondary_Obesity,Gender,Male,75190,,,,,,,,
2010/11,E92000001,ENG,England,FAE_PrimarySecondary_Obesity,Gender,Female,136566,,,,,,,,
2009/10,E92000001,ENG,England,FAE_PrimarySecondary_Obesity,Gender,All persons,142219,,,,,,,,
2009/10,E92000001,ENG,England,FAE_PrimarySecondary_Obesity,Gender,Male,52517,,,,,,,,
2009/10,E92000001,ENG,England,FAE_PrimarySecondary_Obesity,Gender,Female,89657,,,,,,,,
2008/09,E92000001,ENG,England,FAE_PrimarySecondary_Obesity,Gender,All persons,102987,,,,,,,,
2008/09,E92000001,ENG,England,FAE_PrimarySecondary_Obesity,Gender,Male,39524,,,,,,,,
2008/09,E92000001,ENG,England,FAE_PrimarySecondary_Obesity,Gender,Female,63457,,,,,,,,
2007/08,E92000001,ENG,England,FAE_PrimarySecondary_Obesity,Gender,All persons,80914,,,,,,,,
2007/08,E92000001,ENG,England,FAE_PrimarySecondary_Obesity,Gender,Male,32080,,,,,,,,
2007/08,E92000001,ENG,England,FAE_PrimarySecondary_Obesity,Gender,Female,48829,,,,,,,,
2006/07,E92000001,ENG,England,FAE_PrimarySecondary_Obesity,Gender,All persons,67211,,,,,,,,
2006/07,E92000001,ENG,England,FAE_PrimarySecondary_Obesity,Gender,Male,27791,,,,,,,,
2006/07,E92000001,ENG,England,FAE_PrimarySecondary_Obesity,Gender,Female,39411,,,,,,,,
2005/06,E92000001,ENG,England,FAE_PrimarySecondary_Obesity,Gender,All persons,52019,,,,,,,,
2005/06,E92000001,ENG,England,FAE_PrimarySecondary_Obesity,Gender,Male,21432,,,,,,,,
2005/06,E92000001,ENG,England,FAE_PrimarySecondary_Obesity,Gender,Female,30552,,,,,,,,
2004/05,E92000001,ENG,England,FAE_PrimarySecondary_Obesity,Gender,All persons,40741,,,,,,,,
2004/05,E92000001,ENG,England,FAE_PrimarySecondary_Obesity,Gender,Male,16590,,,,,,,,
2004/05,E92000001,ENG,England,FAE_PrimarySecondary_Obesity,Gender,Female,24145,,,,,,,,
2003/04,E92000001,ENG,England,FAE_PrimarySecondary_Obesity,Gender,All persons,33546,,,,,,,,
2003/04,E92000001,ENG,England,FAE_PrimarySecondary_Obesity,Gender,Male,13804,,,,,,,,
2003/04,E92000001,ENG,England,FAE_PrimarySecondary_Obesity,Gender,Female,19736,,,,,,,,
2002/03,E92000001,ENG,England,FAE_PrimarySecondary_Obesity,Gender,All persons,29237,,,,,,,,
2002/03,E92000001,ENG,England,FAE_PrimarySecondary_Obesity,Gender,Male,12068,,,,,,,,
2002/03,E92000001,ENG,England,FAE_PrimarySecondary_Obesity,Gender,Female,17168,,,,,,,,
2015/16,E92000001,ENG,England,FAE_PrimarySecondary_Obesity,AgeGroup,16-24,34845,,,,,,,,
2015/16,E92000001,ENG,England,FAE_PrimarySecondary_Obesity,AgeGroup,25-34,90480,,,,,,,,
2015/16,E92000001,ENG,England,FAE_PrimarySecondary_Obesity,AgeGroup,35-44,66056,,,,,,,,
2015/16,E92000001,ENG,England,FAE_PrimarySecondary_Obesity,AgeGroup,45-54,84143,,,,,,,,
2015/16,E92000001,ENG,England,FAE_PrimarySecondary_Obesity,AgeGroup,55-64,94628,,,,,,,,
2015/16,E92000001,ENG,England,FAE_PrimarySecondary_Obesity,AgeGroup,65-74,94056,,,,,,,,
2015/16,E92000001,ENG,England,FAE_PrimarySecondary_Obesity,AgeGroup,75+,57081,,,,,,,,
2015/16,E92000001,ENG,England,FAE_PrimarySecondary_Obesity,AgeGroup,Under 16,3415,,,,,,,,
2014/15,E92000001,ENG,England,FAE_PrimarySecondary_Obesity,AgeGroup,16-24,28321,,,,,,,,
2014/15,E92000001,ENG,England,FAE_PrimarySecondary_Obesity,AgeGroup,25-34,71483,,,,,,,,
2014/15,E92000001,ENG,England,FAE_PrimarySecondary_Obesity,AgeGroup,35-44,56598,,,,,,,,
2014/15,E92000001,ENG,England,FAE_PrimarySecondary_Obesity,AgeGroup,45-54,73281,,,,,,,,
2014/15,E92000001,ENG,England,FAE_PrimarySecondary_Obesity,AgeGroup,55-64,80400,,,,,,,,
2014/15,E92000001,ENG,England,FAE_PrimarySecondary_Obesity,AgeGroup,65-74,79101,,,,,,,,
2014/15,E92000001,ENG,England,FAE_PrimarySecondary_Obesity,AgeGroup,75+,47732,,,,,,,,
2014/15,E92000001,ENG,England,FAE_PrimarySecondary_Obesity,AgeGroup,Under 16,3357,,,,,,,,
2013/14,E92000001,ENG,England,FAE_PrimarySecondary_Obesity,AgeGroup,16-24,23743,,,,,,,,
2013/14,E92000001,ENG,England,FAE_PrimarySecondary_Obesity,AgeGroup,25-34,59059,,,,,,,,
2013/14,E92000001,ENG,England,FAE_PrimarySecondary_Obesity,AgeGroup,35-44,47629,,,,,,,,
2013/14,E92000001,ENG,England,FAE_PrimarySecondary_Obesity,AgeGroup,45-54,61823,,,,,,,,
2013/14,E92000001,ENG,England,FAE_PrimarySecondary_Obesity,AgeGroup,55-64,68175,,,,,,,,
2013/14,E92000001,ENG,England,FAE_PrimarySecondary_Obesity,AgeGroup,65-74,63735,,,,,,,,
2013/14,E92000001,ENG,England,FAE_PrimarySecondary_Obesity,AgeGroup,75+,38393,,,,,,,,
2013/14,E92000001,ENG,England,FAE_PrimarySecondary_Obesity,AgeGroup,Under 16,3011,,,,,,,,
2012/13,E92000001,ENG,England,FAE_PrimarySecondary_Obesity,AgeGroup,16-24,18849,,,,,,,,
2012/13,E92000001,ENG,England,FAE_PrimarySecondary_Obesity,AgeGroup,25-34,43681,,,,,,,,
2012/13,E92000001,ENG,England,FAE_PrimarySecondary_Obesity,AgeGroup,35-44,39627,,,,,,,,
2012/13,E92000001,ENG,England,FAE_PrimarySecondary_Obesity,AgeGroup,45-54,51364,,,,,,,,
2012/13,E92000001,ENG,England,FAE_PrimarySecondary_Obesity,AgeGroup,55-64,55676,,,,,,,,
2012/13,E92000001,ENG,England,FAE_PrimarySecondary_Obesity,AgeGroup,65-74,50262,,,,,,,,
2012/13,E92000001,ENG,England,FAE_PrimarySecondary_Obesity,AgeGroup,75+,29822,,,,,,,,
2012/13,E92000001,ENG,England,FAE_PrimarySecondary_Obesity,AgeGroup,Under 16,3115,,,,,,,,
2011/12,E92000001,ENG,England,FAE_PrimarySecondary_Obesity,AgeGroup,16-24,16016,,,,,,,,
2011/12,E92000001,ENG,England,FAE_PrimarySecondary_Obesity,AgeGroup,25-34,37060,,,,,,,,
2011/12,E92000001,ENG,England,FAE_PrimarySecondary_Obesity,AgeGroup,35-44,37098,,,,,,,,
2011/12,E92000001,ENG,England,FAE_PrimarySecondary_Obesity,AgeGroup,45-54,47514,,,,,,,,
2011/12,E92000001,ENG,England,FAE_PrimarySecondary_Obesity,AgeGroup,55-64,53209,,,,,,,,
2011/12,E92000001,ENG,England,FAE_PrimarySecondary_Obesity,AgeGroup,65-74,45949,,,,,,,,
2011/12,E92000001,ENG,England,FAE_PrimarySecondary_Obesity,AgeGroup,75+,26989,,,,,,,,
2011/12,E92000001,ENG,England,FAE_PrimarySecondary_Obesity,AgeGroup,Under 16,2824,,,,,,,,
2010/11,E92000001,ENG,England,FAE_PrimarySecondary_Obesity,AgeGroup,16-24,12042,,,,,,,,
2010/11,E92000001,ENG,England,FAE_PrimarySecondary_Obesity,AgeGroup,25-34,26965,,,,,,,,
2010/11,E92000001,ENG,England,FAE_PrimarySecondary_Obesity,AgeGroup,35-44,30606,,,,,,,,
2010/11,E92000001,ENG,England,FAE_PrimarySecondary_Obesity,AgeGroup,45-54,39258,,,,,,,,
2010/11,E92000001,ENG,England,FAE_PrimarySecondary_Obesity,AgeGroup,55-64,43754,,,,,,,,
2010/11,E92000001,ENG,England,FAE_PrimarySecondary_Obesity,AgeGroup,65-74,36056,,,,,,,,
2010/11,E92000001,ENG,England,FAE_PrimarySecondary_Obesity,AgeGroup,75+,20056,,,,,,,,
2010/11,E92000001,ENG,England,FAE_PrimarySecondary_Obesity,AgeGroup,Under 16,2762,,,,,,,,
2009/10,E92000001,ENG,England,FAE_PrimarySecondary_Obesity,AgeGroup,16-24,6609,,,,,,,,
2009/10,E92000001,ENG,England,FAE_PrimarySecondary_Obesity,AgeGroup,25-34,15490,,,,,,,,
2009/10,E92000001,ENG,England,FAE_PrimarySecondary_Obesity,AgeGroup,35-44,21344,,,,,,,,
2009/10,E92000001,ENG,England,FAE_PrimarySecondary_Obesity,AgeGroup,45-54,27641,,,,,,,,
2009/10,E92000001,ENG,England,FAE_PrimarySecondary_Obesity,AgeGroup,55-64,30884,,,,,,,,
2009/10,E92000001,ENG,England,FAE_PrimarySecondary_Obesity,AgeGroup,65-74,24294,,,,,,,,
2009/10,E92000001,ENG,England,FAE_PrimarySecondary_Obesity,AgeGroup,75+,13399,,,,,,,,
2009/10,E92000001,ENG,England,FAE_PrimarySecondary_Obesity,AgeGroup,Under 16,2400,,,,,,,,
2008/09,E92000001,ENG,England,FAE_PrimarySecondary_Obesity,AgeGroup,16-24,4326,,,,,,,,
2008/09,E92000001,ENG,England,FAE_PrimarySecondary_Obesity,AgeGroup,25-34,9899,,,,,,,,
2008/09,E92000001,ENG,England,FAE_PrimarySecondary_Obesity,AgeGroup,35-44,15508,,,,,,,,
2008/09,E92000001,ENG,England,FAE_PrimarySecondary_Obesity,AgeGroup,45-54,19971,,,,,,,,
2008/09,E92000001,ENG,England,FAE_PrimarySecondary_Obesity,AgeGroup,55-64,23136,,,,,,,,
2008/09,E92000001,ENG,England,FAE_PrimarySecondary_Obesity,AgeGroup,65-74,18234,,,,,,,,
2008/09,E92000001,ENG,England,FAE_PrimarySecondary_Obesity,AgeGroup,75+,9531,,,,,,,,
2008/09,E92000001,ENG,England,FAE_PrimarySecondary_Obesity,AgeGroup,Under 16,2229,,,,,,,,
2007/08,E92000001,ENG,England,FAE_PrimarySecondary_Obesity,AgeGroup,16-24,3169,,,,,,,,
2007/08,E92000001,ENG,England,FAE_PrimarySecondary_Obesity,AgeGroup,25-34,7218,,,,,,,,
2007/08,E92000001,ENG,England,FAE_PrimarySecondary_Obesity,AgeGroup,35-44,12101,,,,,,,,
2007/08,E92000001,ENG,England,FAE_PrimarySecondary_Obesity,AgeGroup,45-54,15683,,,,,,,,
2007/08,E92000001,ENG,England,FAE_PrimarySecondary_Obesity,AgeGroup,55-64,18489,,,,,,,,
2007/08,E92000001,ENG,England,FAE_PrimarySecondary_Obesity,AgeGroup,65-74,14496,,,,,,,,
2007/08,E92000001,ENG,England,FAE_PrimarySecondary_Obesity,AgeGroup,75+,7512,,,,,,,,
2007/08,E92000001,ENG,England,FAE_PrimarySecondary_Obesity,AgeGroup,Under 16,2104,,,,,,,,
2006/07,E92000001,ENG,England,FAE_PrimarySecondary_Obesity,AgeGroup,16-24,2316,,,,,,,,
2006/07,E92000001,ENG,England,FAE_PrimarySecondary_Obesity,AgeGroup,25-34,5319,,,,,,,,
2006/07,E92000001,ENG,England,FAE_PrimarySecondary_Obesity,AgeGroup,35-44,9961,,,,,,,,
2006/07,E92000001,ENG,England,FAE_PrimarySecondary_Obesity,AgeGroup,45-54,12922,,,,,,,,
2006/07,E92000001,ENG,England,FAE_PrimarySecondary_Obesity,AgeGroup,55-64,15882,,,,,,,,
2006/07,E92000001,ENG,England,FAE_PrimarySecondary_Obesity,AgeGroup,65-74,12571,,,,,,,,
2006/07,E92000001,ENG,England,FAE_PrimarySecondary_Obesity,AgeGroup,75+,6296,,,,,,,,
2006/07,E92000001,ENG,England,FAE_PrimarySecondary_Obesity,AgeGroup,Under 16,1896,,,,,,,,
2005/06,E92000001,ENG,England,FAE_PrimarySecondary_Obesity,AgeGroup,16-24,1717,,,,,,,,
2005/06,E92000001,ENG,England,FAE_PrimarySecondary_Obesity,AgeGroup,25-34,4252,,,,,,,,
2005/06,E92000001,ENG,England,FAE_PrimarySecondary_Obesity,AgeGroup,35-44,7401,,,,,,,,
2005/06,E92000001,ENG,England,FAE_PrimarySecondary_Obesity,AgeGroup,45-54,9858,,,,,,,,
2005/06,E92000001,ENG,England,FAE_PrimarySecondary_Obesity,AgeGroup,55-64,12146,,,,,,,,
2005/06,E92000001,ENG,England,FAE_PrimarySecondary_Obesity,AgeGroup,65-74,10056,,,,,,,,
2005/06,E92000001,ENG,England,FAE_PrimarySecondary_Obesity,AgeGroup,75+,4840,,,,,,,,
2005/06,E92000001,ENG,England,FAE_PrimarySecondary_Obesity,AgeGroup,Under 16,1727,,,,,,,,
2004/05,E92000001,ENG,England,FAE_PrimarySecondary_Obesity,AgeGroup,16-24,1457,,,,,,,,
2004/05,E92000001,ENG,England,FAE_PrimarySecondary_Obesity,AgeGroup,25-34,3449,,,,,,,,
2004/05,E92000001,ENG,England,FAE_PrimarySecondary_Obesity,AgeGroup,35-44,5953,,,,,,,,
2004/05,E92000001,ENG,England,FAE_PrimarySecondary_Obesity,AgeGroup,45-54,7424,,,,,,,,
2004/05,E92000001,ENG,England,FAE_PrimarySecondary_Obesity,AgeGroup,55-64,9086,,,,,,,,
2004/05,E92000001,ENG,England,FAE_PrimarySecondary_Obesity,AgeGroup,65-74,7813,,,,,,,,
2004/05,E92000001,ENG,England,FAE_PrimarySecondary_Obesity,AgeGroup,75+,4036,,,,,,,,
2004/05,E92000001,ENG,England,FAE_PrimarySecondary_Obesity,AgeGroup,Under 16,1506,,,,,,,,
2003/04,E92000001,ENG,England,FAE_PrimarySecondary_Obesity,AgeGroup,16-24,1026,,,,,,,,
2003/04,E92000001,ENG,England,FAE_PrimarySecondary_Obesity,AgeGroup,25-34,2449,,,,,,,,
2003/04,E92000001,ENG,England,FAE_PrimarySecondary_Obesity,AgeGroup,35-44,4845,,,,,,,,
2003/04,E92000001,ENG,England,FAE_PrimarySecondary_Obesity,AgeGroup,45-54,6452,,,,,,,,
2003/04,E92000001,ENG,England,FAE_PrimarySecondary_Obesity,AgeGroup,55-64,7790,,,,,,,,
2003/04,E92000001,ENG,England,FAE_PrimarySecondary_Obesity,AgeGroup,65-74,6432,,,,,,,,
2003/04,E92000001,ENG,England,FAE_PrimarySecondary_Obesity,AgeGroup,75+,3175,,,,,,,,
2003/04,E92000001,ENG,England,FAE_PrimarySecondary_Obesity,AgeGroup,Under 16,1355,,,,,,,,
2002/03,E92000001,ENG,England,FAE_PrimarySecondary_Obesity,AgeGroup,16-24,912,,,,,,,,
2002/03,E92000001,ENG,England,FAE_PrimarySecondary_Obesity,AgeGroup,25-34,2288,,,,,,,,
2002/03,E92000001,ENG,England,FAE_PrimarySecondary_Obesity,AgeGroup,35-44,4371,,,,,,,,
2002/03,E92000001,ENG,England,FAE_PrimarySecondary_Obesity,AgeGroup,45-54,5661,,,,,,,,
2002/03,E92000001,ENG,England,FAE_PrimarySecondary_Obesity,AgeGroup,55-64,6721,,,,,,,,
2002/03,E92000001,ENG,England,FAE_PrimarySecondary_Obesity,AgeGroup,65-74,5391,,,,,,,,
2002/03,E92000001,ENG,England,FAE_PrimarySecondary_Obesity,AgeGroup,75+,2738,,,,,,,,
2002/03,E92000001,ENG,England,FAE_PrimarySecondary_Obesity,AgeGroup,Under 16,1117,,,,,,,,
2015/16,E92000001,ENG,England,FCE_PrimarySecondary_Obesity_Bariatric,Gender,All persons,6438,,,,,,,,
2015/16,E92000001,ENG,England,FCE_PrimarySecondary_Obesity_Bariatric,Gender,Male,1418,,,,,,,,
2015/16,E92000001,ENG,England,FCE_PrimarySecondary_Obesity_Bariatric,Gender,Female,5020,,,,,,,,
2014/15,E92000001,ENG,England,FCE_PrimarySecondary_Obesity_Bariatric,Gender,All persons,6032,,,,,,,,
2014/15,E92000001,ENG,England,FCE_PrimarySecondary_Obesity_Bariatric,Gender,Male,1444,,,,,,,,
2014/15,E92000001,ENG,England,FCE_PrimarySecondary_Obesity_Bariatric,Gender,Female,4588,,,,,,,,
2013/14,E92000001,ENG,England,FCE_PrimarySecondary_Obesity_Bariatric,Gender,All persons,6384,,,,,,,,
2013/14,E92000001,ENG,England,FCE_PrimarySecondary_Obesity_Bariatric,Gender,Male,1560,,,,,,,,
2013/14,E92000001,ENG,England,FCE_PrimarySecondary_Obesity_Bariatric,Gender,Female,4823,,,,,,,,
2012/13,E92000001,ENG,England,FCE_PrimarySecondary_Obesity_Bariatric,Gender,All persons,8024,,,,,,,,
2012/13,E92000001,ENG,England,FCE_PrimarySecondary_Obesity_Bariatric,Gender,Male,1944,,,,,,,,
2012/13,E92000001,ENG,England,FCE_PrimarySecondary_Obesity_Bariatric,Gender,Female,6080,,,,,,,,
2011/12,E92000001,ENG,England,FCE_PrimarySecondary_Obesity_Bariatric,Gender,All persons,8794,,,,,,,,
2011/12,E92000001,ENG,England,FCE_PrimarySecondary_Obesity_Bariatric,Gender,Male,2081,,,,,,,,
2011/12,E92000001,ENG,England,FCE_PrimarySecondary_Obesity_Bariatric,Gender,Female,6711,,,,,,,,
2010/11,E92000001,ENG,England,FCE_PrimarySecondary_Obesity_Bariatric,Gender,All persons,8087,,,,,,,,
2010/11,E92000001,ENG,England,FCE_PrimarySecondary_Obesity_Bariatric,Gender,Male,1771,,,,,,,,
2010/11,E92000001,ENG,England,FCE_PrimarySecondary_Obesity_Bariatric,Gender,Female,6315,,,,,,,,
2009/10,E92000001,ENG,England,FCE_PrimarySecondary_Obesity_Bariatric,Gender,All persons,7214,,,,,,,,
2009/10,E92000001,ENG,England,FCE_PrimarySecondary_Obesity_Bariatric,Gender,Male,1450,,,,,,,,
2009/10,E92000001,ENG,England,FCE_PrimarySecondary_Obesity_Bariatric,Gender,Female,5762,,,,,,,,
2008/09,E92000001,ENG,England,FCE_PrimarySecondary_Obesity_Bariatric,Gender,All persons,4221,,,,,,,,
2008/09,E92000001,ENG,England,FCE_PrimarySecondary_Obesity_Bariatric,Gender,Male,969,,,,,,,,
2008/09,E92000001,ENG,England,FCE_PrimarySecondary_Obesity_Bariatric,Gender,Female,3251,,,,,,,,
2007/08,E92000001,ENG,England,FCE_PrimarySecondary_Obesity_Bariatric,Gender,All persons,2724,,,,,,,,
2007/08,E92000001,ENG,England,FCE_PrimarySecondary_Obesity_Bariatric,Gender,Male,598,,,,,,,,
2007/08,E92000001,ENG,England,FCE_PrimarySecondary_Obesity_Bariatric,Gender,Female,2126,,,,,,,,
2006/07,E92000001,ENG,England,FCE_PrimarySecondary_Obesity_Bariatric,Gender,All persons,1951,,,,,,,,
2006/07,E92000001,ENG,England,FCE_PrimarySecondary_Obesity_Bariatric,Gender,Male,381,,,,,,,,
2006/07,E92000001,ENG,England,FCE_PrimarySecondary_Obesity_Bariatric,Gender,Female,1562,,,,,,,,
2005/06,E92000001,ENG,England,FCE_PrimarySecondary_Obesity_Bariatric,Gender,All persons,1038,,,,,,,,
2005/06,E92000001,ENG,England,FCE_PrimarySecondary_Obesity_Bariatric,Gender,Male,200,,,,,,,,
2005/06,E92000001,ENG,England,FCE_PrimarySecondary_Obesity_Bariatric,Gender,Female,808,,,,,,,,
2004/05,E92000001,ENG,England,FCE_PrimarySecondary_Obesity_Bariatric,Gender,All persons,744,,,,,,,,
2004/05,E92000001,ENG,England,FCE_PrimarySecondary_Obesity_Bariatric,Gender,Male,137,,,,,,,,
2004/05,E92000001,ENG,England,FCE_PrimarySecondary_Obesity_Bariatric,Gender,Female,603,,,,,,,,
2003/04,E92000001,ENG,England,FCE_PrimarySecondary_Obesity_Bariatric,Gender,All persons,474,,,,,,,,
2003/04,E92000001,ENG,England,FCE_PrimarySecondary_Obesity_Bariatric,Gender,Male,96,,,,,,,,
2003/04,E92000001,ENG,England,FCE_PrimarySecondary_Obesity_Bariatric,Gender,Female,378,,,,,,,,
2002/03,E92000001,ENG,England,FCE_PrimarySecondary_Obesity_Bariatric,Gender,All persons,345,,,,,,,,
2002/03,E92000001,ENG,England,FCE_PrimarySecondary_Obesity_Bariatric,Gender,Male,65,,,,,,,,
2002/03,E92000001,ENG,England,FCE_PrimarySecondary_Obesity_Bariatric,Gender,Female,280,,,,,,,,
2015/16,E92000001,ENG,England,FCE_PrimarySecondary_Obesity_Bariatric,AgeGroup,16-24,198,,,,,,,,
2015/16,E92000001,ENG,England,FCE_PrimarySecondary_Obesity_Bariatric,AgeGroup,25-34,941,,,,,,,,
2015/16,E92000001,ENG,England,FCE_PrimarySecondary_Obesity_Bariatric,AgeGroup,35-44,1639,,,,,,,,
2015/16,E92000001,ENG,England,FCE_PrimarySecondary_Obesity_Bariatric,AgeGroup,45-54,2160,,,,,,,,
2015/16,E92000001,ENG,England,FCE_PrimarySecondary_Obesity_Bariatric,AgeGroup,55-64,1201,,,,,,,,
2015/16,E92000001,ENG,England,FCE_PrimarySecondary_Obesity_Bariatric,AgeGroup,65-74,293,,,,,,,,
2015/16,E92000001,ENG,England,FCE_PrimarySecondary_Obesity_Bariatric,AgeGroup,75+,5,,,,,,,,
2015/16,E92000001,ENG,England,FCE_PrimarySecondary_Obesity_Bariatric,AgeGroup,Under 16,1,,,,,,,,
2014/15,E92000001,ENG,England,FCE_PrimarySecondary_Obesity_Bariatric,AgeGroup,16-24,200,,,,,,,,
2014/15,E92000001,ENG,England,FCE_PrimarySecondary_Obesity_Bariatric,AgeGroup,25-34,920,,,,,,,,
2014/15,E92000001,ENG,England,FCE_PrimarySecondary_Obesity_Bariatric,AgeGroup,35-44,1532,,,,,,,,
2014/15,E92000001,ENG,England,FCE_PrimarySecondary_Obesity_Bariatric,AgeGroup,45-54,2064,,,,,,,,
2014/15,E92000001,ENG,England,FCE_PrimarySecondary_Obesity_Bariatric,AgeGroup,55-64,1074,,,,,,,,
2014/15,E92000001,ENG,England,FCE_PrimarySecondary_Obesity_Bariatric,AgeGroup,65-74,235,,,,,,,,
2014/15,E92000001,ENG,England,FCE_PrimarySecondary_Obesity_Bariatric,AgeGroup,75+,4,,,,,,,,
2014/15,E92000001,ENG,England,FCE_PrimarySecondary_Obesity_Bariatric,AgeGroup,Under 16,3,,,,,,,,
2013/14,E92000001,ENG,England,FCE_PrimarySecondary_Obesity_Bariatric,AgeGroup,16-24,198,,,,,,,,
2013/14,E92000001,ENG,England,FCE_PrimarySecondary_Obesity_Bariatric,AgeGroup,25-34,917,,,,,,,,
2013/14,E92000001,ENG,England,FCE_PrimarySecondary_Obesity_Bariatric,AgeGroup,35-44,1667,,,,,,,,
2013/14,E92000001,ENG,England,FCE_PrimarySecondary_Obesity_Bariatric,AgeGroup,45-54,2218,,,,,,,,
2013/14,E92000001,ENG,England,FCE_PrimarySecondary_Obesity_Bariatric,AgeGroup,55-64,1173,,,,,,,,
2013/14,E92000001,ENG,England,FCE_PrimarySecondary_Obesity_Bariatric,AgeGroup,65-74,202,,,,,,,,
2013/14,E92000001,ENG,England,FCE_PrimarySecondary_Obesity_Bariatric,AgeGroup,75+,2,,,,,,,,
2013/14,E92000001,ENG,England,FCE_PrimarySecondary_Obesity_Bariatric,AgeGroup,Under 16,7,,,,,,,,
2012/13,E92000001,ENG,England,FCE_PrimarySecondary_Obesity_Bariatric,AgeGroup,16-24,207,,,,,,,,
2012/13,E92000001,ENG,England,FCE_PrimarySecondary_Obesity_Bariatric,AgeGroup,25-34,1170,,,,,,,,
2012/13,E92000001,ENG,England,FCE_PrimarySecondary_Obesity_Bariatric,AgeGroup,35-44,2232,,,,,,,,
2012/13,E92000001,ENG,England,FCE_PrimarySecondary_Obesity_Bariatric,AgeGroup,45-54,2669,,,,,,,,
2012/13,E92000001,ENG,England,FCE_PrimarySecondary_Obesity_Bariatric,AgeGroup,55-64,1485,,,,,,,,
2012/13,E92000001,ENG,England,FCE_PrimarySecondary_Obesity_Bariatric,AgeGroup,65-74,255,,,,,,,,
2012/13,E92000001,ENG,England,FCE_PrimarySecondary_Obesity_Bariatric,AgeGroup,75+,4,,,,,,,,
2012/13,E92000001,ENG,England,FCE_PrimarySecondary_Obesity_Bariatric,AgeGroup,Under 16,2,,,,,,,,
2011/12,E92000001,ENG,England,FCE_PrimarySecondary_Obesity_Bariatric,AgeGroup,16-24,225,,,,,,,,
2011/12,E92000001,ENG,England,FCE_PrimarySecondary_Obesity_Bariatric,AgeGroup,25-34,1224,,,,,,,,
2011/12,E92000001,ENG,England,FCE_PrimarySecondary_Obesity_Bariatric,AgeGroup,35-44,2604,,,,,,,,
2011/12,E92000001,ENG,England,FCE_PrimarySecondary_Obesity_Bariatric,AgeGroup,45-54,2882,,,,,,,,
2011/12,E92000001,ENG,England,FCE_PrimarySecondary_Obesity_Bariatric,AgeGroup,55-64,1591,,,,,,,,
2011/12,E92000001,ENG,England,FCE_PrimarySecondary_Obesity_Bariatric,AgeGroup,65-74,264,,,,,,,,
2011/12,E92000001,ENG,England,FCE_PrimarySecondary_Obesity_Bariatric,AgeGroup,75+,1,,,,,,,,
2011/12,E92000001,ENG,England,FCE_PrimarySecondary_Obesity_Bariatric,AgeGroup,Under 16,3,,,,,,,,
2010/11,E92000001,ENG,England,FCE_PrimarySecondary_Obesity_Bariatric,AgeGroup,16-24,197,,,,,,,,
2010/11,E92000001,ENG,England,FCE_PrimarySecondary_Obesity_Bariatric,AgeGroup,25-34,1117,,,,,,,,
2010/11,E92000001,ENG,England,FCE_PrimarySecondary_Obesity_Bariatric,AgeGroup,35-44,2590,,,,,,,,
2010/11,E92000001,ENG,England,FCE_PrimarySecondary_Obesity_Bariatric,AgeGroup,45-54,2734,,,,,,,,
2010/11,E92000001,ENG,England,FCE_PrimarySecondary_Obesity_Bariatric,AgeGroup,55-64,1276,,,,,,,,
2010/11,E92000001,ENG,England,FCE_PrimarySecondary_Obesity_Bariatric,AgeGroup,65-74,166,,,,,,,,
2010/11,E92000001,ENG,England,FCE_PrimarySecondary_Obesity_Bariatric,AgeGroup,75+,2,,,,,,,,
2010/11,E92000001,ENG,England,FCE_PrimarySecondary_Obesity_Bariatric,AgeGroup,Under 16,0,,,,,,,,
2009/10,E92000001,ENG,England,FCE_PrimarySecondary_Obesity_Bariatric,AgeGroup,16-24,205,,,,,,,,
2009/10,E92000001,ENG,England,FCE_PrimarySecondary_Obesity_Bariatric,AgeGroup,25-34,1051,,,,,,,,
2009/10,E92000001,ENG,England,FCE_PrimarySecondary_Obesity_Bariatric,AgeGroup,35-44,2458,,,,,,,,
2009/10,E92000001,ENG,England,FCE_PrimarySecondary_Obesity_Bariatric,AgeGroup,45-54,2330,,,,,,,,
2009/10,E92000001,ENG,England,FCE_PrimarySecondary_Obesity_Bariatric,AgeGroup,55-64,1025,,,,,,,,
2009/10,E92000001,ENG,England,FCE_PrimarySecondary_Obesity_Bariatric,AgeGroup,65-74,143,,,,,,,,
2009/10,E92000001,ENG,England,FCE_PrimarySecondary_Obesity_Bariatric,AgeGroup,75+,0,,,,,,,,
2009/10,E92000001,ENG,England,FCE_PrimarySecondary_Obesity_Bariatric,AgeGroup,Under 16,1,,,,,,,,
2008/09,E92000001,ENG,England,FCE_PrimarySecondary_Obesity_Bariatric,AgeGroup,16-24,143,,,,,,,,
2008/09,E92000001,ENG,England,FCE_PrimarySecondary_Obesity_Bariatric,AgeGroup,25-34,652,,,,,,,,
2008/09,E92000001,ENG,England,FCE_PrimarySecondary_Obesity_Bariatric,AgeGroup,35-44,1482,,,,,,,,
2008/09,E92000001,ENG,England,FCE_PrimarySecondary_Obesity_Bariatric,AgeGroup,45-54,1306,,,,,,,,
2008/09,E92000001,ENG,England,FCE_PrimarySecondary_Obesity_Bariatric,AgeGroup,55-64,583,,,,,,,,
2008/09,E92000001,ENG,England,FCE_PrimarySecondary_Obesity_Bariatric,AgeGroup,65-74,51,,,,,,,,
2008/09,E92000001,ENG,England,FCE_PrimarySecondary_Obesity_Bariatric,AgeGroup,75+,0,,,,,,,,
2008/09,E92000001,ENG,England,FCE_PrimarySecondary_Obesity_Bariatric,AgeGroup,Under 16,2,,,,,,,,
2007/08,E92000001,ENG,England,FCE_PrimarySecondary_Obesity_Bariatric,AgeGroup,16-24,105,,,,,,,,
2007/08,E92000001,ENG,England,FCE_PrimarySecondary_Obesity_Bariatric,AgeGroup,25-34,423,,,,,,,,
2007/08,E92000001,ENG,England,FCE_PrimarySecondary_Obesity_Bariatric,AgeGroup,35-44,1034,,,,,,,,
2007/08,E92000001,ENG,England,FCE_PrimarySecondary_Obesity_Bariatric,AgeGroup,45-54,793,,,,,,,,
2007/08,E92000001,ENG,England,FCE_PrimarySecondary_Obesity_Bariatric,AgeGroup,55-64,343,,,,,,,,
2007/08,E92000001,ENG,England,FCE_PrimarySecondary_Obesity_Bariatric,AgeGroup,65-74,23,,,,,,,,
2007/08,E92000001,ENG,England,FCE_PrimarySecondary_Obesity_Bariatric,AgeGroup,75+,1,,,,,,,,
2007/08,E92000001,ENG,England,FCE_PrimarySecondary_Obesity_Bariatric,AgeGroup,Under 16,0,,,,,,,,
2006/07,E92000001,ENG,England,FCE_PrimarySecondary_Obesity_Bariatric,AgeGroup,16-24,59,,,,,,,,
2006/07,E92000001,ENG,England,FCE_PrimarySecondary_Obesity_Bariatric,AgeGroup,25-34,327,,,,,,,,
2006/07,E92000001,ENG,England,FCE_PrimarySecondary_Obesity_Bariatric,AgeGroup,35-44,734,,,,,,,,
2006/07,E92000001,ENG,England,FCE_PrimarySecondary_Obesity_Bariatric,AgeGroup,45-54,569,,,,,,,,
2006/07,E92000001,ENG,England,FCE_PrimarySecondary_Obesity_Bariatric,AgeGroup,55-64,244,,,,,,,,
2006/07,E92000001,ENG,England,FCE_PrimarySecondary_Obesity_Bariatric,AgeGroup,65-74,18,,,,,,,,
2006/07,E92000001,ENG,England,FCE_PrimarySecondary_Obesity_Bariatric,AgeGroup,75+,0,,,,,,,,
2006/07,E92000001,ENG,England,FCE_PrimarySecondary_Obesity_Bariatric,AgeGroup,Under 16,0,,,,,,,,
2005/06,E92000001,ENG,England,FCE_PrimarySecondary_Obesity_Bariatric,AgeGroup,16-24,21,,,,,,,,
2005/06,E92000001,ENG,England,FCE_PrimarySecondary_Obesity_Bariatric,AgeGroup,25-34,189,,,,,,,,
2005/06,E92000001,ENG,England,FCE_PrimarySecondary_Obesity_Bariatric,AgeGroup,35-44,375,,,,,,,,
2005/06,E92000001,ENG,England,FCE_PrimarySecondary_Obesity_Bariatric,AgeGroup,45-54,319,,,,,,,,
2005/06,E92000001,ENG,England,FCE_PrimarySecondary_Obesity_Bariatric,AgeGroup,55-64,123,,,,,,,,
2005/06,E92000001,ENG,England,FCE_PrimarySecondary_Obesity_Bariatric,AgeGroup,65-74,6,,,,,,,,
2005/06,E92000001,ENG,England,FCE_PrimarySecondary_Obesity_Bariatric,AgeGroup,75+,0,,,,,,,,
2005/06,E92000001,ENG,England,FCE_PrimarySecondary_Obesity_Bariatric,AgeGroup,Under 16,2,,,,,,,,
2004/05,E92000001,ENG,England,FCE_PrimarySecondary_Obesity_Bariatric,AgeGroup,16-24,23,,,,,,,,
2004/05,E92000001,ENG,England,FCE_PrimarySecondary_Obesity_Bariatric,AgeGroup,25-34,171,,,,,,,,
2004/05,E92000001,ENG,England,FCE_PrimarySecondary_Obesity_Bariatric,AgeGroup,35-44,279,,,,,,,,
2004/05,E92000001,ENG,England,FCE_PrimarySecondary_Obesity_Bariatric,AgeGroup,45-54,197,,,,,,,,
2004/05,E92000001,ENG,England,FCE_PrimarySecondary_Obesity_Bariatric,AgeGroup,55-64,70,,,,,,,,
2004/05,E92000001,ENG,England,FCE_PrimarySecondary_Obesity_Bariatric,AgeGroup,65-74,1,,,,,,,,
2004/05,E92000001,ENG,England,FCE_PrimarySecondary_Obesity_Bariatric,AgeGroup,75+,1,,,,,,,,
2004/05,E92000001,ENG,England,FCE_PrimarySecondary_Obesity_Bariatric,AgeGroup,Under 16,1,,,,,,,,
2003/04,E92000001,ENG,England,FCE_PrimarySecondary_Obesity_Bariatric,AgeGroup,16-24,10,,,,,,,,
2003/04,E92000001,ENG,England,FCE_PrimarySecondary_Obesity_Bariatric,AgeGroup,25-34,80,,,,,,,,
2003/04,E92000001,ENG,England,FCE_PrimarySecondary_Obesity_Bariatric,AgeGroup,35-44,204,,,,,,,,
2003/04,E92000001,ENG,England,FCE_PrimarySecondary_Obesity_Bariatric,AgeGroup,45-54,126,,,,,,,,
2003/04,E92000001,ENG,England,FCE_PrimarySecondary_Obesity_Bariatric,AgeGroup,55-64,51,,,,,,,,
2003/04,E92000001,ENG,England,FCE_PrimarySecondary_Obesity_Bariatric,AgeGroup,65-74,2,,,,,,,,
2003/04,E92000001,ENG,England,FCE_PrimarySecondary_Obesity_Bariatric,AgeGroup,75+,0,,,,,,,,
2003/04,E92000001,ENG,England,FCE_PrimarySecondary_Obesity_Bariatric,AgeGroup,Under 16,1,,,,,,,,
2002/03,E92000001,ENG,England,FCE_PrimarySecondary_Obesity_Bariatric,AgeGroup,16-24,7,,,,,,,,
2002/03,E92000001,ENG,England,FCE_PrimarySecondary_Obesity_Bariatric,AgeGroup,25-34,76,,,,,,,,
2002/03,E92000001,ENG,England,FCE_PrimarySecondary_Obesity_Bariatric,AgeGroup,35-44,139,,,,,,,,
2002/03,E92000001,ENG,England,FCE_PrimarySecondary_Obesity_Bariatric,AgeGroup,45-54,99,,,,,,,,
2002/03,E92000001,ENG,England,FCE_PrimarySecondary_Obesity_Bariatric,AgeGroup,55-64,21,,,,,,,,
2002/03,E92000001,ENG,England,FCE_PrimarySecondary_Obesity_Bariatric,AgeGroup,65-74,3,,,,,,,,
2002/03,E92000001,ENG,England,FCE_PrimarySecondary_Obesity_Bariatric,AgeGroup,75+,0,,,,,,,,
2002/03,E92000001,ENG,England,FCE_PrimarySecondary_Obesity_Bariatric,AgeGroup,Under 16,0,,,,,,,,
